Month,Year,Monthly Sales,Average Transaction Value,Customer Retention Rate,New Customers Acquired
July,2020,137582,36.21435144395632,0.7285940653598763,81
March,2021,112016,71.42957254855136,0.613645368772898,132
December,2023,115524,48.300164983713046,0.643277881578961,102
August,2023,107710,30.359289082232674,0.4236274614395224,199
November,2023,116524,33.604836672595454,0.7380664681084989,100
January,2021,127765,59.14660783142695,0.7405257879786876,129
June,2023,114495,71.04595709882659,0.6671341651420475,136
December,2023,73180,70.78528788965966,0.6118607781338627,125
February,2022,99284,96.41541300453599,0.4520046033637095,184
September,2023,129166,77.1968325732772,0.6269033484478496,121
April,2022,89583,24.491914893501566,0.49612412173969034,89
July,2022,136016,49.34650479256878,0.405752235239983,118
July,2023,54091,60.8256675953895,0.4040594943497271,195
June,2022,100912,62.756485378234494,0.6480121325093171,196
March,2023,103652,70.78373764153312,0.5210446319594854,157
August,2021,102593,75.84832356196887,0.7371970254207743,154
August,2023,112975,65.5017349806809,0.48969034356007535,200
July,2022,119873,97.24711480509518,0.528391273991665,95
April,2021,89094,26.15038654060878,0.7805440754679238,137
March,2023,65810,69.33528983213569,0.47482362212905693,152
April,2023,56355,23.600346334607664,0.5494305743772994,101
March,2022,84652,94.71910957328475,0.5806843785992295,131
June,2021,65831,81.63185079717903,0.47971190147689585,192
October,2022,65277,25.754322728655588,0.5441239234066854,114
March,2020,91015,46.15847870855518,0.647205356408361,100
December,2021,98312,98.95427071094149,0.45874885430987206,61
March,2020,145960,68.52718945401784,0.5794208043578217,183
February,2021,116001,60.000093814530175,0.554092564182099,64
August,2023,119682,92.67536888520182,0.5366521087180166,63
May,2023,51024,87.9285701527989,0.7061782692445249,115
June,2020,102227,80.40780033668281,0.6374705080121963,138
January,2023,137112,61.07616619095573,0.47427438724593834,174
November,2022,99242,50.998480697056294,0.7374020394508203,90
December,2021,59636,95.02553930401275,0.4613981139336617,197
January,2020,63138,50.081741079383654,0.724480271961458,153
October,2023,68298,37.40421225801697,0.7670424563137695,156
March,2021,98522,30.750596836864872,0.6213884660597178,140
November,2022,108345,95.62834737792068,0.6011371810760153,73
February,2023,132459,81.6100664598868,0.7519397617167844,162
October,2023,140444,87.48232944941707,0.6993828968678437,176
April,2023,143172,68.76778337669546,0.5623148854835488,50
May,2022,69153,37.09089533608207,0.5750652875521838,175
October,2022,125650,79.42159693174708,0.560370193740297,143
February,2021,51126,56.45746934183254,0.5222574291896062,171
January,2023,96396,61.71278333500119,0.43451353067430576,103
January,2021,136223,98.99979384067916,0.7763969916499469,169
April,2022,106078,70.82683735355484,0.7441414986372766,52
November,2021,94016,55.65654700967363,0.633777680166837,154
June,2020,100262,34.1326070832963,0.6543489185581,81
May,2021,90005,49.55398539906039,0.7697383096516104,58
March,2023,115514,80.15283991753273,0.7094259163085636,66
February,2021,74402,88.4903602401867,0.48919045415928963,172
December,2020,63762,76.05044017536744,0.5601006577600809,120
March,2020,60324,52.89129682131878,0.49214730949935587,187
January,2020,51369,65.29697030137784,0.7024936456730441,112
October,2021,68429,71.40347257502034,0.7025315483012328,104
April,2020,127978,47.43113001343637,0.6510230348016489,196
March,2020,66529,30.54207908796471,0.6171887556279555,176
March,2021,125960,90.20596359324924,0.49485748110116956,103
December,2021,120717,93.75276928293054,0.7064752514542415,147
September,2023,133711,52.85198936754295,0.40563682948651336,54
January,2021,87894,99.14525459784049,0.7262265180829871,115
April,2020,58970,73.55401245334866,0.5968691715049346,101
March,2022,149228,53.98695378338602,0.762803864480617,188
September,2022,122361,51.94499592724391,0.6363968881835742,114
January,2023,148147,68.64023710954324,0.7461179429938214,61
October,2022,51390,52.16832756578519,0.46108947868983724,77
July,2023,134340,40.55219322723949,0.6057091165149708,167
May,2023,90530,75.74884073833141,0.7838689247835271,76
December,2020,113334,43.684814338919466,0.6782434189779745,111
August,2023,146649,91.5157422134058,0.49081725308716506,179
October,2021,111223,39.330728885705916,0.5657963672170991,78
September,2020,92229,30.66291604772666,0.5593777613942721,125
April,2022,97664,45.74268677140147,0.4745399289723261,132
March,2021,105221,64.93126458551858,0.6337040343948713,50
April,2020,134009,70.26043535822527,0.5691453532315432,175
January,2023,97477,44.00275359490902,0.44545373961638707,76
February,2021,137115,25.707847807252104,0.6535458867521232,148
May,2020,87230,51.1915889511955,0.44159163531040735,123
December,2023,65664,78.10896691970794,0.6174948777830654,75
October,2023,66864,32.770444014348286,0.6073394027764428,190
February,2022,126345,59.233284776343076,0.4373394717493214,68
March,2023,145311,97.86260699411739,0.7414239735024613,150
October,2022,107531,37.04064960642641,0.5433997373670026,125
July,2020,81199,36.492211972905075,0.7048145741426,75
August,2021,103818,37.89920397824887,0.5787556853150293,172
June,2020,130270,98.73453311797743,0.6172985727247375,175
April,2023,102598,69.34824649802067,0.6974730656403703,162
July,2022,104886,63.04183783398634,0.6346836959119937,154
December,2022,93250,75.39636797897633,0.7277932149427846,148
December,2023,97085,78.76670963511258,0.5529533878436774,142
August,2023,101080,59.67947161482509,0.6802849890865841,86
September,2021,125690,33.6411016321475,0.44835077805697277,120
March,2022,134320,61.34924606845302,0.628374873419701,103
January,2020,128470,84.36899440214495,0.6975796951199427,125
January,2021,132830,55.559072641262766,0.40346669864625234,194
December,2022,126003,34.44894311595466,0.6201316004510894,177
January,2020,104168,47.432680333945726,0.6042286429035308,122
April,2020,107218,90.134879460071,0.5713760063757115,51
July,2021,100649,38.47261522950931,0.5654337400221751,153
August,2023,141542,38.092612734496065,0.5179727383504726,91
February,2023,87747,93.44890077739592,0.7820054400202002,134
July,2020,146369,45.715909356352284,0.6204789761059922,65
November,2023,52190,63.14039849976878,0.6741004767710514,98
May,2020,92732,68.08709852838106,0.7338104639557005,148
May,2023,74778,39.74403059128836,0.744661815105401,70
June,2020,82126,91.88923300671087,0.6822864045853088,187
January,2021,116935,96.48706393264686,0.5337528272831541,151
July,2020,82461,34.00136677227224,0.5729962462445757,152
April,2020,95664,78.13347887430436,0.7631622248929943,162
January,2021,116713,48.04349295295977,0.5887888411938657,124
September,2021,146603,24.73930085880162,0.5294584856752318,199
July,2020,82782,80.4640721653526,0.7461876778782326,136
May,2021,126295,63.683442803392865,0.4334333045120395,100
May,2021,103304,89.0859649197275,0.4801505216406422,143
July,2020,127623,74.88528321678902,0.5765439541916957,69
April,2020,79464,63.72569015283144,0.5041506017390807,80
April,2020,57193,92.54953182014467,0.7329024204452986,67
January,2020,66668,26.673766426301874,0.5257915600992725,64
September,2020,65438,35.81990612460568,0.5338769210184577,178
October,2023,68045,46.516527415878755,0.673270469068925,181
June,2020,95687,53.980417104422706,0.5023772719531048,154
October,2020,135665,97.70743136701837,0.426815575725266,141
April,2022,92337,23.948799661301514,0.6974383461730069,186
December,2022,64847,32.27273367136884,0.5711673837963636,192
March,2021,57078,42.10658407582223,0.6527492520064848,150
January,2020,122629,44.994759159359965,0.43773573939886423,191
June,2022,76824,62.467191344264414,0.5043910371721493,162
July,2022,59823,41.48360508697161,0.40763413386042824,156
November,2022,68013,27.093979073687127,0.6465627927752313,192
January,2021,115363,98.29753008287588,0.7697081588708539,172
February,2023,128115,74.2708545783743,0.5946717722923952,180
April,2023,59470,33.20796010693022,0.7428181108238625,91
August,2021,57886,74.9831539239902,0.5112922354467779,196
October,2023,118815,61.61208641307574,0.7709319436305754,79
August,2021,81956,47.94050071202715,0.4615522665334974,174
August,2022,115577,37.95990872928535,0.4646197563087399,170
February,2021,84987,91.33446645956829,0.44649615370706913,92
August,2021,129365,75.44849344812889,0.7677849388798152,84
October,2022,69467,67.08256573749455,0.7006793750783749,169
December,2022,129300,69.8026015867423,0.5649901916126602,151
June,2022,132406,81.70707407577466,0.4243553234118841,99
April,2021,61888,83.63648136923203,0.6996704461927421,108
August,2022,86500,34.04186498870225,0.6070904531014126,66
April,2023,128569,45.30800669907223,0.4024653494722503,139
February,2020,91172,33.01298572784457,0.6629213404075673,97
May,2020,77304,38.102434103184365,0.6323839468440455,106
November,2020,69612,34.51699282068755,0.6630092019439742,73
February,2023,74133,23.571661338033465,0.6299642913176937,198
April,2020,62173,60.71530751198222,0.46063237140170316,121
September,2020,149594,62.81308457314352,0.4074585421379198,103
August,2020,86728,62.406739718696386,0.5782671636737651,174
January,2022,100280,98.40438832198332,0.43261362876969917,170
August,2023,117610,66.44903221508746,0.5382134415000144,77
February,2021,133212,55.15933112169152,0.4933079498001558,194
August,2023,115980,37.717702913617075,0.46873476696165445,112
June,2022,128705,56.11035540145271,0.44198992552405675,136
April,2022,95004,85.25931949160697,0.5394917571960075,53
April,2023,104308,43.23294013395674,0.6653940313395085,139
September,2020,78095,97.4847655025225,0.49792348691351385,149
July,2021,50370,37.01443583473051,0.6971082840049247,172
June,2023,113587,22.323731043994872,0.7940678562185436,64
May,2023,66362,56.96540914486988,0.5461930715568954,140
December,2022,78712,54.2984864524022,0.7021969874612797,190
June,2022,134405,79.18183224687833,0.4235872701889967,149
December,2020,88788,99.86950053838737,0.5506173142177111,179
April,2021,137703,95.62288489698166,0.5785750193061869,109
May,2023,131373,31.86113452780413,0.6051626001338587,71
December,2021,85223,46.269620331632986,0.7388085457701743,96
June,2020,122098,72.51321834264098,0.7754650871223245,71
October,2022,134091,52.09485654938846,0.6944897943142387,115
February,2021,107347,76.93956604560543,0.4164993670225807,152
May,2022,95498,59.540268801265306,0.7625549371321645,58
February,2020,56957,55.983437347240795,0.7510294251626342,91
May,2023,65933,63.6499844165617,0.543005391844887,190
April,2022,87154,44.8036355270165,0.6881267198929855,80
December,2021,101869,20.798442231359886,0.49525877901493226,187
November,2021,124753,27.70923373049495,0.4804448966804937,107
July,2022,134459,55.048452836239804,0.40082686458925026,68
August,2020,51984,25.49499187638112,0.45456579764921357,194
June,2023,71184,71.36746813644561,0.7926336744887981,195
January,2023,118862,85.78508735559167,0.7228341043967413,86
February,2023,63964,36.95629796064783,0.7098569204289132,144
January,2020,147863,44.025027577300655,0.43330402685150016,159
November,2020,63474,95.46283723466698,0.5888336214391237,162
May,2022,56131,87.72711372240911,0.6329337647485337,127
February,2023,73296,67.07352791784541,0.49424458937254967,129
December,2022,121264,77.67136868211999,0.4503169553221641,114
August,2021,121458,22.60939507097347,0.6569114477812934,198
January,2021,121236,63.26540919720323,0.7271651525996791,140
October,2022,79296,65.02153917975107,0.79389420502887,105
October,2020,88046,80.16726099094447,0.7899751381535199,154
February,2020,118297,47.15912935669044,0.5254578692312061,98
August,2020,136761,73.12010539804544,0.7796801671687048,69
June,2020,87640,83.1211749194543,0.6964294806767699,196
June,2021,62611,66.32114886111428,0.5531174578191431,86
June,2021,54367,43.46591576137449,0.6495951746161323,198
March,2023,148529,60.00628692486082,0.48865280735393934,63
January,2021,104205,27.65856605704805,0.5344743610197744,159
August,2023,114456,52.035354868064985,0.48574287355636103,142
January,2020,92357,91.97833786061554,0.594120732943312,189
August,2021,118284,62.58758982710093,0.40436136853682414,117
January,2023,134790,21.714143433595517,0.7972900090557828,103
August,2021,80776,22.58964327656041,0.4438991877933116,104
August,2020,92653,93.11013804379625,0.7330019221077917,111
March,2022,105037,58.383675897903316,0.6402612108194172,95
January,2023,121363,30.093067174982462,0.6740245545925568,193
January,2021,133047,85.08432513519472,0.4691673608826006,93
January,2021,140381,94.15338795282521,0.4344266248530435,157
September,2022,129675,82.23522935473784,0.40423678539216773,101
February,2020,143172,87.85338292793807,0.4538993912962837,160
April,2020,136685,33.187353013042454,0.6151692153210414,90
May,2022,94616,25.35916689308494,0.5705216004733753,144
June,2022,109890,86.41671406027574,0.4735829356607551,197
November,2022,64546,55.36165144497002,0.482466099420548,80
May,2022,69727,46.584302290991026,0.5918752908018692,175
February,2022,71805,55.68941560328949,0.5562003765294937,65
May,2023,130040,20.940906237904926,0.5788726394195163,175
February,2021,72374,21.561163519439326,0.6425365399662244,129
October,2020,113854,25.910134481890708,0.48252618272147324,130
May,2021,72501,98.19755455629273,0.7043852028943969,109
February,2022,130537,72.45548360711919,0.561718146195215,93
February,2022,97334,90.80380515604902,0.4614756837767065,90
August,2020,55075,64.21767815448216,0.6256078223436168,126
February,2022,63966,90.11305020799387,0.6109479358493242,140
November,2022,54474,20.037440010044783,0.5740648020256716,149
August,2023,105101,98.2267843989605,0.4378389169270964,98
March,2020,135783,64.18169331441425,0.4143528394106138,147
August,2022,119945,97.67259608962813,0.5033311721418372,99
May,2020,69709,48.66495968047282,0.5690908777169978,141
October,2021,52174,72.762167534996,0.7141074700511629,154
August,2022,93949,65.78543384373461,0.4481264715630919,77
October,2021,67174,75.29674371500039,0.677420279743483,198
June,2021,137683,69.77841925409706,0.7899785137980886,198
September,2021,58017,68.57808287766323,0.6070423946301327,133
January,2023,88812,84.96773321562851,0.5212830986288856,177
September,2020,124658,85.48461704985098,0.49225463685481397,84
March,2021,120998,72.8095786881888,0.7240976711028873,60
May,2022,144986,22.839119276092774,0.4181480577610466,53
March,2020,140513,93.2650080064821,0.575020912826051,112
June,2020,113577,65.42355259370078,0.6951632264709233,178
January,2023,133360,26.680173240346594,0.4308872351441044,63
June,2023,104789,45.51093636832909,0.6874209595354467,194
June,2020,117763,92.732505304349,0.4275401220189337,52
May,2021,94900,84.09422848127906,0.7086099731373673,77
May,2020,72643,65.81118814342194,0.5129669079822525,95
February,2023,95050,97.23807706024877,0.5753901183893964,172
May,2021,74258,71.99697430049793,0.5646342593597274,165
August,2023,117775,82.3922995739806,0.4631296366732206,197
October,2021,111868,36.45506864672366,0.7686367952255689,157
February,2023,121840,55.09805980657084,0.7029001065395633,87
September,2021,116531,25.394481050690885,0.4433214181600371,130
May,2022,78517,79.42725259681632,0.6537295840522035,112
October,2020,99058,23.04327060968676,0.6245365603318325,127
February,2022,111166,36.17934159986028,0.48102011829126295,185
February,2023,145751,48.829566007078846,0.48330751567202734,171
January,2020,137278,52.70594490556196,0.5717406686432669,124
September,2021,109978,62.86836169646763,0.5373809748613163,159
March,2022,59400,97.25377871025711,0.4728437788704985,108
March,2022,123313,28.861323471182008,0.4753263700971623,55
November,2021,100418,50.83498546641576,0.64335814930296,139
April,2020,126069,54.77462786071084,0.5741357115959895,104
February,2022,99784,80.53984752189828,0.7701371723338586,168
January,2020,96374,65.59807493867098,0.7370122812469933,164
July,2023,138463,45.53385005925406,0.7325883383835462,163
December,2021,94599,32.05857793462205,0.49695361817554273,85
January,2023,51662,32.833225223383344,0.694713162836674,115
March,2021,55009,64.47595884845254,0.46340382572906497,63
May,2020,70614,66.4193194246021,0.47009964254549247,148
December,2023,146908,23.563277674961824,0.6230330179378312,185
March,2023,98270,48.72058574194377,0.7138222693903682,70
June,2021,51327,54.30719810283958,0.609163225994809,109
December,2021,84925,96.99628392576743,0.4651940480388947,93
August,2021,139603,76.79329192809044,0.523528573388784,81
January,2020,69608,70.46314548803446,0.6451875240884153,156
August,2021,139216,55.9114623504998,0.6639959387088022,168
February,2022,143743,41.14226726570921,0.7966287116502104,57
February,2023,86633,90.95604658125873,0.5377419012318501,70
December,2021,108963,32.928654057820665,0.7031401203158334,197
December,2020,114078,36.85860166329222,0.7946616341128664,64
February,2021,100620,47.22237582708633,0.7433342345323656,164
June,2023,70526,98.43506889951198,0.42402603530718286,190
September,2021,76789,74.94044599511915,0.7877837125469913,98
May,2023,53432,93.11073225178264,0.43652794781353066,148
March,2021,142302,30.72452011394649,0.4223137489700199,124
November,2023,78967,95.81461992398893,0.513974124241276,65
January,2023,77978,91.14898897442427,0.5377810740415178,60
June,2023,92533,81.73275842243596,0.7868200570877083,149
September,2020,120199,95.40976863347349,0.7876295503761226,75
September,2021,114346,32.39260439129403,0.5484868061995427,99
September,2021,119308,95.4173421267462,0.4322144464283646,197
June,2023,143237,88.31921755605381,0.7303637897880462,166
March,2021,146992,65.59453857690137,0.4574112540365851,166
July,2022,149557,37.038420951439726,0.5964677838705489,52
December,2021,55177,41.20997338688806,0.7885459130165555,184
September,2021,71433,38.57448608322083,0.4430980368877714,58
September,2023,70059,95.61485421109658,0.5357695489517178,148
June,2023,134803,37.503379586975676,0.7064230939418628,98
June,2020,149048,41.70835686048774,0.6306489713888949,149
July,2023,125318,85.61119165026862,0.6954311089767973,169
November,2021,135396,84.7891528445746,0.5112763803663911,144
September,2020,65257,60.155615579394954,0.49711537629346464,114
March,2022,102982,47.72772796144438,0.6820986221893686,143
September,2022,144280,95.39939788814071,0.6909826800341301,91
July,2020,84983,53.603012006637115,0.6889464134589907,78
November,2023,55499,88.33038241695819,0.46352068633848487,114
October,2023,111053,40.802756588599074,0.4127778111164885,92
May,2020,113208,76.95594765093286,0.7319461065464352,51
November,2022,144234,79.09410228357314,0.6166849407072305,71
May,2020,124081,36.388202226955784,0.482032853432921,65
November,2023,58639,26.87807294587932,0.5485862080367145,93
September,2022,109733,99.80199783967772,0.7914808279080362,135
November,2023,80061,62.35792598947077,0.7849143340202833,120
November,2022,144824,21.011268946535075,0.6600368563507076,185
December,2023,141640,25.963925976957487,0.6397039337566339,61
February,2022,56199,21.422555040216515,0.5704220091027863,122
January,2020,72709,47.88017348932986,0.5761788224329756,63
October,2023,121100,49.744284596618186,0.43220626240705223,183
June,2020,54982,25.47435460290871,0.5378379440859199,103
November,2020,92413,50.60936593332649,0.5886562886721171,64
March,2022,62451,85.12764574120654,0.5635309372015465,134
April,2021,83935,28.485960185681538,0.7112579833179636,191
February,2021,52272,41.866192295512576,0.5152299897422513,134
March,2022,85211,36.77072811796515,0.5773405529651001,188
May,2020,62509,22.49444737143496,0.42689605649623713,67
September,2021,120096,25.923601177347972,0.45134325665182323,115
May,2021,100907,29.99498942986544,0.6884422234655627,70
January,2022,72665,65.41199968225257,0.7526123532643645,127
October,2021,134373,56.574765906705196,0.5283332377061781,54
April,2023,63407,82.36630341318053,0.5431682815792785,107
September,2021,144609,83.02982846328482,0.5745543422863452,169
October,2020,68727,84.96281084127725,0.6901516878672759,179
August,2020,148321,92.63883022810488,0.7086664177901373,112
January,2021,135440,37.034287494748845,0.6494692607708108,162
July,2022,121126,67.15606339269033,0.6058608572428712,189
May,2020,109175,98.68293393444071,0.5081312131602097,76
January,2020,61536,66.2367287635677,0.6678852209464863,152
October,2022,145757,57.982374887978224,0.6800489602419252,127
January,2022,148908,54.97657783772265,0.6160452090201787,75
August,2022,149998,25.381826393635258,0.4323332674823148,72
April,2022,148326,85.5950840451503,0.5129121720375345,99
September,2020,64305,35.79273405435414,0.5134223730173892,111
May,2023,57043,32.23639292996319,0.6137816995837716,93
January,2021,77022,56.32201550292288,0.7564266777585689,130
July,2021,91426,95.14039866842883,0.6939038851823782,89
August,2021,59273,72.03758740768333,0.45627682627611565,173
October,2022,87787,45.530655842991514,0.4850849896272726,191
April,2023,115314,36.862272869643746,0.5831435237001097,136
June,2020,81193,90.22590203579054,0.706581093819481,173
July,2021,103953,20.727000324915046,0.5430615344491232,188
October,2023,71289,71.28683373422959,0.7582886280821098,135
March,2022,117964,78.73221714929579,0.684643098905308,146
June,2023,105470,69.33961493600331,0.5944973415698619,162
April,2023,134315,66.77486875007975,0.7267006993781866,50
March,2020,132928,52.20589020537032,0.4275093324350441,125
November,2020,130329,43.06399706666623,0.7145793364385432,90
June,2020,142145,91.61140968184833,0.4798664364634022,144
December,2022,68357,83.17735986788924,0.5528384329482335,99
October,2022,79531,38.486092183339345,0.5332491958150235,134
December,2022,80650,68.72228255980981,0.41971024526434036,85
August,2021,107765,42.37091888446553,0.7558696502523525,131
December,2020,66354,66.75169085083581,0.7826470253139204,92
May,2021,79201,73.98837593980456,0.7466446681101436,150
July,2023,147284,89.0283324366963,0.7871647065008741,110
August,2021,136763,50.64117437505683,0.6565276724253768,79
November,2023,65959,74.24100924175113,0.6290598117347698,87
May,2020,148016,33.25386567906588,0.5184630796308426,62
August,2023,74130,73.93338014527129,0.4966877781722556,87
February,2021,89882,71.21728988080214,0.46137727666326267,70
March,2023,119218,59.70514411930694,0.6652449509557968,86
November,2023,123718,89.71003762634639,0.44361080238973166,73
June,2021,71335,31.547416223818104,0.5319636929815694,103
July,2022,145920,29.005719305040074,0.4476870484891085,80
May,2021,130117,46.21194839074317,0.69194815891656,189
November,2020,135484,45.725300897056144,0.664018542262081,114
December,2022,146249,82.36529716149583,0.7601596861909286,110
November,2023,132773,44.894261929485424,0.6097363254226061,131
August,2022,81536,29.086761303522152,0.6683450613287056,185
February,2020,141310,67.97587559016004,0.7491522495356572,123
February,2021,68980,93.74649912177347,0.7374847420359073,197
April,2022,127034,90.83299300766087,0.40416587252717245,70
January,2020,121376,70.66489611239994,0.6024820715036228,157
October,2020,67296,20.227647942727167,0.7126092470708427,190
April,2023,107539,93.6017647777298,0.6413238368188718,158
March,2021,80821,70.90716428126308,0.5536864133237884,78
June,2021,65364,83.42429737287472,0.795716696019869,165
August,2023,72146,29.92510832990993,0.5512766918487491,161
October,2021,113246,45.21799640636152,0.7957556795591283,146
October,2023,102324,56.98982416401083,0.5565408388530537,134
June,2020,145082,90.34597863991878,0.5890581992585548,103
September,2021,59165,93.00130437020738,0.48652908716378795,150
February,2021,114004,23.16162535133559,0.4545820222994119,95
January,2020,87015,49.65491149712895,0.7562003109992306,133
January,2021,71373,85.63425353605892,0.4576792790254429,158
April,2022,118839,58.65350468704009,0.5125237251512125,158
January,2020,84253,49.88611007341532,0.6887341410850711,119
December,2021,96607,39.778941304535934,0.4252901786798399,106
May,2023,93968,53.171716216790784,0.7810974202825806,140
July,2023,83754,57.42115731234903,0.634607857139756,156
December,2020,112096,80.44967745259919,0.43209310865223255,92
April,2022,146970,84.86274000068224,0.5646731593295784,50
August,2023,98743,87.86685020356494,0.6773672530847454,50
September,2022,136626,22.127748110082493,0.42004542861245775,84
August,2020,83564,49.07332977087022,0.6312868615470455,82
December,2020,51573,82.66097284798408,0.5101463146906394,70
November,2023,119313,85.71933477528442,0.6824852454247854,71
May,2022,79625,41.54501919924749,0.5922313442527903,194
March,2020,83111,94.61285445205763,0.7456316244291651,135
May,2023,90779,78.85336874503918,0.5884214775131914,129
July,2022,137398,32.343344606268765,0.4094712813701575,195
April,2021,142451,49.48879531122224,0.6894760071477162,179
March,2023,104128,70.07203486245774,0.4813921359993658,53
May,2022,105899,23.31305762552325,0.6700571063670955,183
July,2021,116825,23.43810736912876,0.4614239607102626,80
March,2021,66112,84.98303794689414,0.602496532786348,186
December,2021,52930,40.20688346014707,0.49009491797757626,162
November,2022,56868,98.48185739676033,0.6539462586760738,121
April,2020,118310,60.314537076737594,0.753935619137112,85
August,2020,108473,47.10439797869923,0.6773666641319811,132
October,2021,52503,57.6085559048338,0.46858474279113926,179
September,2022,53300,68.96330563470183,0.6974710338431371,74
January,2022,144984,26.60434978644343,0.6725713762412509,130
January,2020,50954,31.50099754511767,0.5029054840534709,102
April,2020,95017,80.11827344623472,0.40933904768152324,123
November,2020,69655,61.87032448424383,0.5174104657984562,99
June,2021,100508,70.477401264908,0.721371834935636,94
August,2021,103916,36.0692853823788,0.5928995961515866,112
March,2021,63217,87.21479830742888,0.5321836809461336,189
September,2020,111907,73.79543125486131,0.6335559297487479,149
March,2020,104761,20.243114353236873,0.4655271518144584,157
December,2022,51769,84.41520165889946,0.6802420117998977,92
February,2023,52138,94.68485927015281,0.5062166050155283,92
June,2021,89286,70.26805865568747,0.4818839124746539,177
February,2023,91369,40.81066634831478,0.5640661773179867,160
July,2023,123269,20.29245987411164,0.771218167772637,114
October,2023,131666,25.929682541224672,0.6894888793946274,185
November,2022,144830,56.994871058422135,0.6067299246456401,57
September,2020,129046,77.43881896008072,0.6625891314190779,117
May,2021,82468,74.25314973312715,0.5099243378890168,153
April,2023,125077,68.11912596950702,0.7566067867229398,153
March,2023,148952,51.960597786642005,0.46362848073242735,105
June,2023,142396,35.9560838984908,0.6323984531799713,111
August,2023,97290,85.40452420184381,0.6342304956047571,159
March,2023,140350,71.49795861287976,0.40061392292000997,121
April,2023,107159,37.06385561927541,0.7776134120185128,121
December,2020,127359,56.78937938546785,0.4085499406329794,133
November,2023,119942,40.776190844242734,0.6508101894207694,128
June,2020,71887,60.662219047419406,0.49893076979202045,93
December,2022,55191,59.39369348162682,0.774228744476292,101
May,2021,102687,33.039482313196025,0.4572337973330139,83
August,2020,67431,58.14570698731127,0.5296064301244015,169
January,2020,123218,87.5667193444749,0.479536374669641,84
September,2022,100403,83.6725604493756,0.6772316613581011,88
August,2021,54819,97.92503683523054,0.4613220884852808,101
May,2023,72882,38.861199271025,0.791315071139546,99
September,2023,60649,98.4597487117294,0.6460142210128915,85
February,2021,129982,98.36286082070087,0.6785725376965892,96
April,2023,125119,76.23674585195644,0.43864828100320924,143
July,2022,103149,75.78300059376,0.46054991467433215,138
September,2022,147778,76.07411435980785,0.4233081984850753,59
December,2020,91808,25.036869905771653,0.521208034415689,187
May,2022,51147,40.26529617178195,0.5925414652513907,121
February,2023,71700,26.14644763255872,0.44412030701738736,63
November,2021,90626,23.299591753096955,0.5716102836594182,75
October,2022,105475,93.95695478635909,0.4239331788098726,110
November,2022,140969,64.18873170054994,0.4898409420271714,64
April,2020,55206,85.78989839848359,0.6294584942191294,59
October,2021,118604,60.264483135537965,0.7778602298633562,110
January,2020,145047,25.66484400018077,0.7831207065204969,118
March,2020,97516,93.59806796413264,0.5090292665978523,166
July,2022,76240,84.17861722144433,0.41052517106271025,78
December,2021,83897,25.505845467768626,0.4194652207558416,55
April,2021,104392,96.12015432511626,0.48773750916198116,108
September,2020,87770,50.97500302948866,0.7587050526404693,140
September,2022,62635,89.75954325013937,0.4038457919962913,159
May,2020,108051,75.98152828905509,0.770391853305914,151
July,2023,63348,41.37385193364491,0.7580816596051067,50
May,2021,131669,72.58721077743556,0.42790930916961706,62
September,2023,125923,77.30842705511695,0.7857461369961704,132
February,2022,117641,64.35713130056511,0.7614995676181785,58
January,2020,118126,52.71729886514569,0.735796808661038,164
May,2022,63874,29.249653492906205,0.5237598628712927,99
February,2022,60195,93.64544656046063,0.5586215309899478,52
December,2020,61303,46.418450815687606,0.6821444501991005,196
March,2021,57656,60.770493605475565,0.6234822370172026,118
July,2023,107975,29.837951750425084,0.6098290841431397,81
June,2021,59737,44.46057438675754,0.6224583828822002,55
June,2022,108394,85.79832251517965,0.7278127655013681,179
February,2021,55434,92.4143291009511,0.6973092414470576,172
August,2021,81393,57.34189713094396,0.4375905109088578,135
January,2023,100819,98.05872224887406,0.7413630317660637,132
May,2020,73356,29.90579929330999,0.7620761173257329,75
December,2023,123650,52.03743709421196,0.7177426104609246,146
January,2021,131960,56.486691321719405,0.5825979233671238,64
February,2020,101043,53.953175541148646,0.7223220709568288,146
March,2022,83322,59.80272539654898,0.5671168578488941,68
September,2021,149121,37.69520790839003,0.47335693200252316,173
July,2023,140364,42.89184640643122,0.6567887974626998,134
January,2021,89926,61.537575011363394,0.4612216077730332,159
August,2021,50347,65.51193277872203,0.6701921106322433,74
May,2020,94114,67.35804247708407,0.6859026821272867,74
December,2022,137527,55.26113082535528,0.5337220700407015,76
September,2022,138592,41.05600896736004,0.5464991497389546,65
August,2021,142178,53.60386421870966,0.409398107424114,102
February,2022,111461,42.348210850734354,0.5495525877704771,120
September,2022,134261,50.946082991820454,0.5844153830982246,84
June,2020,147327,93.37493698491764,0.45858123387888466,194
January,2021,137108,49.00823047029058,0.6070222593705943,57
October,2023,64932,94.47201554956015,0.5396465914244899,99
April,2020,81075,23.530909880292104,0.7270557524719871,198
January,2021,144699,98.94268466701162,0.6933458838432012,135
June,2023,59392,71.18109351404152,0.7062758289165274,117
August,2020,93061,82.15000392508696,0.7750278757244944,123
October,2020,130329,86.3283140166911,0.7179621860514794,102
October,2020,129357,61.904701186318704,0.6184210915317019,72
June,2023,125115,60.46591396799307,0.746026061310892,62
June,2021,92734,53.22432212370622,0.7837635506650723,85
December,2023,99989,47.39935578335535,0.6473308988064872,67
November,2021,63467,26.597478630419438,0.4934560465106898,114
June,2023,75797,48.14896629283956,0.4688835022951247,158
January,2021,137403,98.58226574279753,0.755824872921075,140
August,2021,82568,55.838003868205774,0.7233892882724103,151
May,2023,69333,78.12030369628108,0.6957125866678218,93
December,2022,86874,43.62655412438453,0.770900508133928,178
May,2023,106316,59.97566451795274,0.7318524489083522,68
September,2020,55241,77.56542604172171,0.6943256208396653,188
September,2023,134960,27.968474040945644,0.456077123912784,133
July,2021,80918,93.05304129891437,0.469630198497021,181
August,2022,148682,49.792648103157724,0.6291158678903898,114
April,2021,116064,55.933094045497384,0.7933904688260258,149
November,2023,51106,60.911953905082434,0.44529765182627756,166
May,2023,78496,72.33203962682663,0.7899274643472683,112
January,2022,84070,41.73940808930997,0.5231352294163764,127
July,2023,53507,62.823381123546625,0.5677412267317984,77
November,2023,128947,97.33334138472604,0.5856075154930125,75
September,2022,149664,78.95292144132327,0.7540227730500989,78
April,2023,125853,40.053560207791165,0.7039920584329278,70
October,2022,72877,84.64894838055054,0.6573342055379547,150
March,2020,127678,80.30135067240813,0.48912247475528475,192
December,2020,101083,80.09702581351894,0.69239260418822,66
January,2021,140408,32.34729033300969,0.7269007953795488,97
July,2020,119837,73.10149257197716,0.5954845403657656,179
May,2021,72602,85.0752433383185,0.5431309655310703,157
August,2023,65917,97.61884622894766,0.7290811889841587,127
August,2020,136289,82.71630137783383,0.6138850121188504,181
January,2023,83632,20.710403110112445,0.7900612648504595,140
May,2023,66814,76.26756466736524,0.5205509639517822,104
December,2021,68950,76.6845529543508,0.6452422521455741,64
December,2021,139732,63.11057394766004,0.6023558261365873,141
January,2023,63070,60.789273559343755,0.5191248834723796,64
August,2021,96137,89.45403166522945,0.5909075604920221,94
June,2023,105643,45.136709616485824,0.5652427374837432,187
September,2023,85291,37.713807702691525,0.7248067493233175,198
June,2023,99976,63.43467618681199,0.5446960460741175,87
February,2020,94429,84.55451115356243,0.5838854526485164,97
April,2020,91558,77.10185605464739,0.5960072982127207,170
November,2021,52233,89.3516085919809,0.44326852185719867,146
June,2021,63623,34.15860354870617,0.41071227342531147,120
April,2020,143229,36.6943735029637,0.7160499610802411,56
May,2021,102524,57.69076915324063,0.43513125984203554,137
August,2022,110842,96.03838888315249,0.48341293691054876,189
June,2020,121454,52.38305936221038,0.7139997844120214,140
January,2020,133008,76.54833113593796,0.5464651897198353,61
December,2023,72903,69.24289611743527,0.4796590046133389,200
April,2023,131327,80.77899645339626,0.7107776287714219,111
September,2021,137498,37.89953852850326,0.6102809091391272,156
December,2022,134433,70.61649977662768,0.4346438989337159,154
December,2023,105873,62.324113565637234,0.7774221745140446,118
April,2020,99895,69.5546608266419,0.4701795979172846,172
April,2021,76260,69.03416945020007,0.6996368294634794,161
November,2022,112357,59.20375966638302,0.5527989596717284,54
April,2022,121625,81.5055235968401,0.7889025452761133,182
June,2020,85106,59.736172685477726,0.7554359059450028,129
July,2021,115183,56.13614789360565,0.6805414280708166,92
December,2021,78206,94.60222825192267,0.5433387292852556,68
December,2021,149016,36.82478445512678,0.684422470632706,132
September,2021,54966,67.08026826439335,0.7060359801212253,194
July,2020,90171,82.88861620395899,0.7869763586957923,110
January,2021,54445,46.14690476539863,0.6137556012277967,69
December,2020,97147,82.79283826097323,0.525829705612858,129
September,2023,145254,60.19594895797123,0.43253929390347057,197
February,2022,134562,67.46971661501814,0.500833098314561,65
October,2022,147428,92.6650294280883,0.5694712170046292,77
March,2022,64176,63.81891681184076,0.633097975692647,67
February,2021,85060,29.678890644209453,0.5941501400332907,53
April,2021,67112,83.59432241102306,0.6952191786672908,161
December,2021,108598,55.253603157643425,0.5827597370486078,146
May,2021,69685,76.48439801609288,0.5300624698560519,149
August,2023,60277,56.82858087485157,0.7984842144397359,122
January,2023,55077,97.75975036607875,0.5697705861550647,76
September,2022,62502,58.54368922605734,0.5551108186055123,67
January,2020,127576,94.73922754718005,0.4656440997918179,193
June,2020,111219,34.05178602689641,0.6410540519651851,53
March,2022,110664,93.0626078207395,0.4347289582215468,115
September,2023,108000,66.3556388769581,0.7478575649087797,190
July,2020,100831,81.32468255552246,0.5516662151014852,120
January,2020,143168,73.10384200801911,0.4721308424650066,94
January,2021,52884,78.38810263200256,0.69918033534854,190
May,2020,51877,81.9884525727335,0.7278344706655716,118
May,2021,142314,41.76253955189569,0.4177759021959646,60
October,2020,59259,89.34921015766504,0.7913602781213442,84
November,2020,135275,57.687115643992556,0.7867941188733946,89
January,2020,102306,72.51592828460099,0.5594916857711223,190
July,2021,77086,77.09631450014018,0.5156573198957437,167
August,2023,73401,48.713151687109885,0.6710789181711043,75
April,2021,133597,70.50089318733042,0.6342599024640854,183
December,2020,121137,31.07465667471386,0.4821064351493098,189
July,2023,139210,97.85632693830604,0.6988878192631838,88
January,2020,96799,60.404496229852704,0.6133597221588865,108
September,2022,117021,25.800070784044273,0.6443637360916497,184
February,2020,53394,23.760521648270554,0.4118485443118979,119
June,2023,97545,84.49675311428079,0.787965760112951,141
July,2022,59222,86.9646996876946,0.44116917417159357,181
May,2023,119371,40.98001106018366,0.4704498783711123,71
November,2021,138159,83.15701159011267,0.5676270553152722,55
January,2021,62397,24.670185724426776,0.4178853697767242,88
January,2022,86620,47.92673676637239,0.6011429199891501,132
October,2021,59680,22.46913789486956,0.6210532882683846,150
November,2022,53757,58.70286197618736,0.633556629829316,79
January,2021,59863,40.781575934741056,0.6387499218182223,123
July,2022,118680,28.609663528094067,0.7879868322943622,143
June,2020,50795,54.05256365468446,0.535958920010024,179
May,2022,57684,84.87659899320947,0.6776086682052356,114
October,2020,127031,53.016041783561185,0.43551263276820223,51
September,2021,120775,21.53416649448723,0.4046089041731207,112
April,2020,52591,89.52212958258289,0.7594649605174282,124
November,2021,57459,24.109386337597307,0.6261632390002453,144
November,2021,95395,82.4941314970425,0.7021716049756428,80
June,2021,136310,88.17586034258682,0.7325608335392253,200
February,2020,73501,41.39349167059348,0.4570343963905496,110
March,2021,95542,38.83935584859225,0.4403247149201854,66
February,2022,77805,58.27737793963519,0.4823306895384649,118
August,2023,120508,34.1411172784776,0.7227476124727239,200
October,2023,149523,37.9192967665151,0.7749590869643903,111
November,2021,85385,80.30142276865706,0.5665016740858145,149
August,2021,57793,20.764105492302562,0.4818115170327287,166
March,2021,125442,78.35888180070316,0.6869457056968937,174
February,2023,113731,28.15779644776554,0.47468374242593203,98
May,2023,112313,65.37117777510014,0.617304436068425,140
October,2020,50174,85.40208213672453,0.7647366379945889,60
April,2020,119512,72.9178490811393,0.40074848802824053,143
May,2020,141716,21.05488270535913,0.7334522202556928,118
November,2021,135854,71.17711943442487,0.7932150390796573,76
October,2023,78361,43.95388236456053,0.6892856272288315,129
April,2020,123895,22.91041049431355,0.6561630972956507,182
August,2022,71992,30.76733052581737,0.594159687909926,135
March,2020,128018,22.025373759864024,0.4449108825617263,117
December,2023,123589,63.3717664640765,0.6765664971131258,191
November,2021,91777,78.66157014189356,0.6526121562876379,192
April,2021,65352,37.33443653863007,0.48799731190966955,146
April,2022,88043,58.31178070431118,0.4513747003973383,92
March,2020,80159,46.31373865373979,0.6047853715261059,101
November,2023,149146,64.5238660550113,0.5245028281701407,108
April,2023,123304,90.40239461657723,0.5577497933910409,94
April,2022,88591,41.91592163943859,0.6324986209850562,124
July,2022,126626,36.535328101310526,0.6754071666645148,91
November,2023,128409,45.7186415720158,0.4935087007437597,127
October,2023,136191,64.44779471840914,0.42475562962965785,119
April,2022,147442,34.41521803246562,0.758065694629759,164
May,2021,79489,37.17811847242665,0.49309070571419755,108
March,2022,126129,33.12572985805062,0.7447396921701442,89
February,2023,56792,29.751290058890678,0.6461913392858016,51
June,2022,115370,84.32450605938993,0.7107632682513909,106
March,2020,110955,88.51203620527501,0.43598893627470986,68
July,2022,130239,61.41373958733872,0.4988334597654014,181
October,2020,96276,55.6582705849809,0.5154540679117143,149
November,2021,75775,55.26819832216169,0.7883960616002755,69
December,2022,134531,76.28159485600398,0.6134851041192565,173
September,2021,115842,20.194675212625548,0.7582650862264761,189
July,2023,128047,47.86037511640195,0.5123322619880168,116
December,2022,82204,88.08987520376911,0.6686992528062482,199
July,2020,54837,75.64493642945415,0.49317337752935625,60
May,2022,87356,33.748015961386784,0.6390039789457,110
March,2023,114306,83.04247008232566,0.6179114064507572,147
March,2022,128151,77.5748317592251,0.5481744320242373,180
February,2021,75846,88.8806042516457,0.7208687295531162,182
July,2021,119650,99.45590020420794,0.6657574169592957,184
December,2021,142395,96.60856860954739,0.4193495766130481,179
August,2023,107290,79.70281630123448,0.5591746219796188,171
July,2023,128835,71.7601481633787,0.7453359297600579,114
July,2020,71815,50.56326861291261,0.6372684281301375,73
September,2022,108241,79.03981364382972,0.6697268817350209,60
March,2022,106315,50.755313026835324,0.6794348473458665,184
July,2023,112203,41.66628985721537,0.6828144967236305,143
January,2022,56454,27.669206205841206,0.5443759587539128,50
April,2020,62263,85.06105223659296,0.6247468878585447,191
November,2021,72632,54.383974978583176,0.44904040867952627,113
December,2022,137068,93.0696755937117,0.7934578860997058,80
October,2023,57215,53.093187064441096,0.40611586767826546,96
October,2023,58245,53.487617581645495,0.5005752108978491,50
April,2021,89271,82.33654875864227,0.5563833701022418,157
July,2020,137143,21.43084143548488,0.533696730838865,189
February,2021,59433,71.86816707509892,0.491870352065761,88
December,2022,139149,81.90534254296932,0.5304805833639188,52
December,2020,123249,24.394626467590477,0.4139954799701999,137
May,2020,111037,38.20451711210039,0.6273116054173276,62
November,2022,76882,56.364137329697634,0.7737088720605911,164
January,2020,112418,62.603591000186086,0.6065124496279588,74
April,2021,106387,89.02318310748393,0.43778138658870097,163
December,2023,99783,57.37143143003116,0.5993620079376387,193
April,2020,57555,97.21862307890854,0.7935939263972493,152
October,2023,93182,64.28387219386167,0.5844798762634031,83
June,2022,78297,29.738146593055816,0.5593734772787866,127
July,2023,122868,99.70826556078367,0.4940216029154724,110
September,2022,128085,46.714582916964595,0.6777193193036041,136
January,2021,76130,68.84333953401452,0.7334152428589735,73
April,2021,143668,53.33944356297287,0.6534366855572096,178
October,2022,111102,62.452350618999986,0.5879509396777225,87
January,2020,145742,37.895703490239256,0.6283539068486156,179
June,2021,110576,82.19266617638215,0.7925273456419857,57
January,2022,88954,60.765979334765284,0.47328104303258733,96
May,2022,91918,78.6255847026311,0.7543639041534106,77
February,2023,104785,88.26824275826255,0.6345108555847461,193
January,2020,78141,64.67003213265885,0.592555551637177,200
January,2021,55570,50.26286271154654,0.6520697656604892,174
January,2020,58885,52.7640004750868,0.5156819851487155,174
December,2022,87588,72.2142451982761,0.4176152452003136,153
August,2022,60043,86.62848859186973,0.405054448534933,149
January,2023,51590,93.27398076012696,0.643985455865556,180
March,2022,58144,22.104177942016825,0.5421595044782823,126
July,2022,145252,47.48682503997897,0.4563355042808799,155
September,2020,52488,57.684129344944566,0.6392958948391031,57
August,2020,62773,62.50300187286966,0.7822828522571903,143
April,2022,143306,83.75609386571725,0.47927519659460455,80
November,2023,141204,75.70114269220538,0.42386122820590844,189
December,2022,64302,73.46266093335768,0.6313101452483807,121
March,2023,108365,93.43607322842801,0.5905221719264905,157
October,2021,137027,69.24481957603783,0.4702579828790016,51
August,2023,52585,42.84770950633073,0.5180941522991941,61
August,2020,111138,64.85961041017369,0.497222156838827,147
June,2020,78151,86.07771145709116,0.42261554887218045,54
September,2022,99492,89.39556046746962,0.4469567810595863,200
November,2023,95624,86.40928051747936,0.7085615489032424,70
June,2021,97362,50.02731493786576,0.7122440520540796,55
August,2023,104366,88.93956090903076,0.5036389791283828,95
September,2022,148272,36.10778502144461,0.6510671570594272,144
April,2022,111301,68.50665426424429,0.6553179644885188,127
October,2021,90799,56.03927366212896,0.4751570859978787,63
December,2020,137131,88.17605352478833,0.5959433390470683,94
May,2022,86151,87.03730452286966,0.7667643421483292,71
November,2023,91428,44.896234782317066,0.510891344823279,144
March,2023,126133,56.76634661350937,0.6756349622685376,102
August,2021,94170,32.10682214848822,0.5853016035804832,194
April,2022,96806,22.101880958091993,0.5600629493582354,116
November,2021,60205,72.34892831595309,0.5968063185049327,84
January,2021,65127,69.04912911765015,0.42647759270478836,69
May,2023,60965,47.40906341428615,0.6804048150889013,177
August,2020,144741,71.34665249848376,0.4054770014023469,121
August,2021,55955,99.82164751673756,0.6677017861577996,78
February,2021,79927,94.0172148311458,0.717235630846296,72
June,2023,92266,96.6410701896911,0.516322075834582,65
January,2023,135925,90.05136636470009,0.41729477395461845,107
July,2023,62307,57.8296968942566,0.4278359423116849,81
November,2020,113180,83.18264003962454,0.5168070798201505,65
May,2022,98288,99.84570561876109,0.5930307205949349,120
September,2023,144326,66.03118367142028,0.6205482685293683,76
September,2020,102850,70.10493049898896,0.646781898386495,153
February,2021,131358,87.87660861107965,0.6455335547664978,179
June,2020,101601,55.5898793863478,0.5776183185671235,99
August,2020,53358,86.47995791858322,0.6934932996927736,76
August,2021,98104,44.75893457289408,0.5762099370106808,154
August,2022,77292,67.93714013075785,0.5091573923423507,93
December,2020,63395,90.74720271228853,0.7438064934053424,89
February,2023,57598,77.16657475472721,0.4614496687430688,51
June,2022,121211,79.10668131679664,0.7291978411312,183
September,2020,98631,54.402985938659384,0.49724797991073055,144
January,2021,82795,24.377949414505736,0.5683544782537749,106
June,2021,62604,97.15623495488006,0.6022879124014511,193
July,2020,73825,68.92654363374908,0.7215740513380359,112
October,2021,60697,73.3481391884179,0.654228736610764,148
May,2022,59534,48.89866278693632,0.6297547841452373,85
March,2021,130572,26.49083669379322,0.5251757484156047,74
December,2021,64819,44.554330636377486,0.7600757034277924,89
November,2022,85746,84.3242687029115,0.47345192734871505,99
February,2023,128081,86.31067741919487,0.432847722707513,99
September,2021,81492,81.93876611073989,0.7146669789809685,186
January,2020,117553,45.14765353044801,0.506359686679544,131
November,2023,126003,59.91057045469557,0.5695609073242913,167
November,2023,116795,70.70680523345828,0.6036829718782815,97
July,2022,73326,44.150342917368654,0.6051871222420477,131
June,2020,95249,41.7870964423617,0.4903579667473217,67
August,2021,129347,23.192684885438197,0.6679341215229854,182
April,2023,113673,52.28450455672026,0.7931838922999892,124
February,2020,120191,72.89158849855417,0.4848323376251595,75
October,2022,147786,72.07486275179848,0.5718299470224981,119
May,2023,126101,27.07742245867813,0.6080156276671859,179
March,2021,131806,67.67527809554674,0.5937376719223812,58
December,2020,116603,35.363688842977005,0.42578218164839343,50
February,2023,101955,44.975275974920294,0.43470004678085583,102
November,2021,79698,34.934027698117596,0.7266066908279667,61
July,2021,55304,25.174525110589627,0.6994436895042437,56
November,2021,115237,20.188736814103684,0.5602641526644205,116
April,2021,148070,82.32717696926451,0.7788790477052876,105
March,2021,55878,66.61155268947724,0.7684671838676362,134
October,2020,92636,58.012548805900394,0.5956936585395907,148
January,2021,94759,67.88747015576584,0.5707551904995692,54
February,2023,78814,56.226890608233155,0.66970794377664,75
November,2023,116732,98.13404086887319,0.5090591664118508,199
May,2022,105329,28.58124264504852,0.7764883882817131,170
April,2020,141426,62.72332910537726,0.6475465013927608,107
October,2023,63315,70.31714451223232,0.6281315911738354,123
June,2023,114287,61.29839418993717,0.44223703286527644,162
September,2020,87242,63.75740415790747,0.4688292601246935,83
January,2021,74569,61.40840062899679,0.5594972707086476,111
November,2020,92409,96.64228051708945,0.675527623092739,108
December,2023,62590,65.24222501286357,0.5932437435859252,51
May,2021,106249,23.57171289663624,0.6306506392464558,154
February,2022,100896,96.08408734045443,0.5257929839133367,84
January,2023,69221,52.90671107565767,0.6094486528846715,67
July,2022,103854,70.37112631319289,0.5745641785964049,186
January,2021,54410,23.042940310423738,0.5676551642374779,169
May,2021,79434,72.46971143217823,0.5131834474152444,197
July,2020,115645,94.21117580404781,0.7476998637314766,148
December,2022,146277,30.902462089008438,0.7007615208792908,149
November,2022,62749,66.27762830146538,0.42994630427259084,130
February,2021,67417,26.74496166501107,0.4604736063603919,131
June,2020,107353,44.608194864394584,0.7790628571416442,195
May,2020,97291,92.4586767211482,0.5059921323916075,162
September,2021,61776,53.10733289024883,0.743574870930102,69
August,2023,94585,66.98016765681638,0.4216914058810492,58
June,2020,96527,76.32087232723896,0.48373353159267474,83
March,2022,95089,26.097111857997668,0.45320615310767876,152
July,2021,64733,51.05312679685888,0.7991014878091954,78
December,2022,85180,41.46976797972172,0.44793265635268875,139
September,2023,67036,58.850744135505984,0.4866795636977831,160
October,2020,109962,46.043084440997475,0.57914237790205,166
May,2022,92281,96.5669539595304,0.5570263564511904,149
July,2023,62306,23.243572212002015,0.5471009331582014,167
October,2023,93945,35.136861580700455,0.5265590955645592,146
September,2022,54148,65.71936133921167,0.5633074773198201,80
April,2021,115672,51.2704855673163,0.708474922391404,182
January,2020,82210,30.369706541461802,0.5034139902766345,185
April,2022,126722,30.36670187399828,0.734053987203302,145
December,2020,95180,53.686711494640214,0.6445916138871652,187
December,2023,78026,50.34256706274547,0.5941139791338433,99
April,2020,88337,22.190961894356303,0.6241896868564907,185
March,2020,127947,38.01817516139269,0.6252329176847398,74
July,2021,65857,93.79799437966238,0.5900756223536738,169
March,2021,61499,33.8753765468077,0.6324699791904319,66
July,2020,93984,21.262920377167376,0.5530149952511222,137
September,2021,125409,81.30758196837644,0.7997620254945131,166
January,2020,120188,93.06165487583355,0.7042327600749724,51
March,2022,67091,35.11610492847584,0.4342775690679891,195
February,2023,62189,80.63629772188574,0.6788653834242051,73
December,2023,124491,89.54679384662222,0.742673454057471,78
May,2021,108768,82.58101063067113,0.7539740950090681,105
April,2022,78173,70.59864332659853,0.6953244415756221,98
November,2020,136228,74.51015220106947,0.4895419731669626,90
January,2023,93750,85.091015133728,0.43365612401007386,177
February,2020,97375,51.14080494440608,0.42522596576904304,194
May,2023,115101,84.38683117005239,0.4579758906640825,102
May,2022,102468,32.97601476473558,0.5098143726098491,129
February,2022,98337,68.71732446985797,0.45040384601569433,101
March,2020,142837,85.10387460711075,0.4290741108492194,119
March,2022,110450,33.95839734645523,0.6227094626174878,56
December,2022,85874,21.32308494042239,0.6784565911214362,163
June,2021,120384,23.49036915216349,0.5850406208074965,84
April,2022,73726,84.62029721616376,0.4915825077735064,139
June,2023,125425,27.11148630888479,0.5179995533069057,198
January,2023,131862,51.587166242885345,0.5441892481219983,69
February,2022,96344,49.5182496839518,0.43492855995903557,52
September,2023,87746,91.73248175954319,0.6708907278795484,79
February,2021,95770,76.48522263558905,0.761854726280125,92
April,2020,142935,84.48192756106322,0.7529802974462598,80
December,2022,96639,86.41735318263606,0.45702249819744956,64
December,2022,82388,65.01142551020585,0.6872115906790885,168
March,2021,93409,52.98587759568736,0.5872721006591712,134
June,2020,51473,28.971368334546366,0.7311992847396869,127
February,2022,104598,52.23339948007195,0.4350642508811994,106
March,2021,87521,83.25259182801042,0.40252085770139456,80
October,2021,61954,23.734496651256496,0.5726139443349048,106
January,2020,140494,55.05232012679029,0.44398958361437163,65
February,2020,58580,47.90661493763349,0.678204410756859,169
June,2022,73021,45.73512483404089,0.5655388091708127,189
August,2022,98960,61.78026869567791,0.7332889738843715,122
November,2020,121430,67.84451657829084,0.7385069964289084,60
July,2023,148710,47.75262687326723,0.4197034852524441,163
April,2020,138717,79.19564100966663,0.7218546290898552,136
July,2023,71710,40.4486058688087,0.5167372398422655,128
December,2023,115358,40.48929892669313,0.6574387388085001,124
January,2023,77284,74.01601842236633,0.7945821005418818,196
November,2020,100671,74.19500019936099,0.5977776241880073,161
July,2023,82083,60.071551864663626,0.7574622157459345,139
December,2021,63804,96.34293483781556,0.6411914417114267,78
August,2023,111919,47.5442015806269,0.4492032476268356,162
March,2020,122583,70.06865086324748,0.7502291242445182,58
July,2023,119421,60.4489969645966,0.5622954563250375,50
April,2020,143174,55.290393724232636,0.44087177452627574,184
June,2020,136087,33.28814069710538,0.6685247674573924,88
April,2020,143797,66.4967250998831,0.48947525009405135,92
August,2022,148580,75.85186732525082,0.6311142225052524,142
November,2021,54059,24.463632377267253,0.4942583154676869,200
June,2021,91829,21.800154189761926,0.6531461738317985,179
October,2021,110615,61.397389382667185,0.49369165701733975,68
October,2020,78429,70.45023218027713,0.5011409287279515,200
August,2022,91953,66.91569019554717,0.7668190266179534,157
December,2022,140550,26.73377161516359,0.47138057279383905,169
November,2021,125017,24.84057850088206,0.7398475566830408,114
February,2022,135172,83.97543749036053,0.4973727825395853,145
March,2023,138596,40.43064863397822,0.672099496440407,146
September,2023,119568,98.59375075045139,0.6059311946340258,76
April,2022,91628,71.00343717852095,0.5743892010075051,119
August,2020,58744,66.34413212435643,0.7491418704670517,105
May,2022,108978,84.91219325420623,0.6621392913574258,61
May,2022,86033,20.670715094083203,0.4453847460818152,175
June,2023,81903,40.425696414943,0.5097560482035765,135
August,2022,113185,77.71778092980666,0.5757090235718112,143
November,2023,109965,72.37776124246437,0.4307290292280788,160
July,2022,114913,87.14734148001565,0.7308946159353034,136
October,2020,94377,57.47639474920114,0.636411592479062,180
October,2023,88337,50.951646879411555,0.6858931443878102,144
September,2021,143428,57.42509856329797,0.4530682468071244,126
April,2021,54455,99.42375245038858,0.6272622387340513,188
January,2020,146997,31.40480934902115,0.7672680839676578,179
July,2020,93351,20.83004728932525,0.4146765454682032,108
September,2020,136076,48.55504351073668,0.7279968751657144,92
February,2022,62018,43.504240149993755,0.4926295159782571,182
April,2021,87309,67.22419225027161,0.6050576921228921,126
February,2022,50416,73.99289524359213,0.765789407809794,174
April,2023,118751,38.62176298249083,0.5459289803825692,68
May,2022,118382,86.14883160410628,0.7389341630541632,55
February,2021,81108,35.28189500855645,0.6834392129758106,143
August,2022,54178,35.569455541221835,0.4844198502900112,79
April,2022,104540,70.19437569133518,0.7976181272023741,112
September,2023,118943,82.8544985340163,0.4199024489383246,150
January,2021,51155,49.307694585324654,0.529498040603726,141
September,2023,77657,56.19777703016993,0.6735106089952512,120
July,2023,71308,89.57922220868542,0.7457758982381948,164
July,2021,144652,51.42984068179426,0.6440299415998161,185
December,2022,54484,27.390750639490847,0.6564264925452086,178
August,2021,136837,70.71573617987795,0.5861102008307598,126
February,2021,131444,92.08135506969217,0.5273595444295274,178
December,2020,113815,29.696053841166894,0.7595825873910182,92
March,2020,124215,77.33268757266664,0.7551996557124998,53
June,2020,75541,60.903022251819706,0.4956882841020244,118
June,2022,52477,78.29447931694739,0.4319036592083263,86
October,2023,144492,70.38725252565463,0.6603031277672029,58
November,2020,101819,89.65152047242645,0.6834112808646142,177
September,2020,131176,44.672473789890134,0.49424521100772567,64
September,2020,128462,62.83427641711019,0.5555230962001992,70
November,2022,116011,67.5903849855977,0.4623697219666276,114
September,2022,79533,49.57803870117698,0.6943591853063311,150
June,2022,62028,41.57050149150245,0.5889802759709976,73
October,2020,91718,44.46642780858027,0.5635579208453356,81
August,2020,97802,67.02052546793863,0.68907222825542,182
March,2022,59690,26.373512135382757,0.6682529849817475,174
November,2023,63622,52.38556788307085,0.4722578786444167,194
May,2021,58535,21.557800136525216,0.7710676635392374,65
February,2023,92319,92.98838115055021,0.49122726310498793,138
January,2023,105975,97.2738282601499,0.4765769615243596,93
December,2022,147679,61.532014045455455,0.7606204132534999,176
January,2020,107802,42.038814838374236,0.7797052679316118,138
September,2020,75831,28.000420785585447,0.7850061121265153,57
September,2020,104333,62.73260227327266,0.4499234032967052,80
February,2023,95700,42.731058165935266,0.7502877771519569,71
May,2021,62251,27.14374844705241,0.5688770631973978,115
June,2023,118581,66.91234018485397,0.4249899200985693,130
May,2022,125719,88.0310931983158,0.7991344626389179,92
October,2022,75272,63.73751450420488,0.6677466142724603,168
November,2022,144298,22.598213986975992,0.7640784777182505,97
October,2023,110977,58.24550474034645,0.6814249463882869,51
October,2023,133751,28.226958405212372,0.769959280342936,168
September,2023,116175,79.59075631974096,0.7572668524036414,103
June,2023,119238,24.29509252805296,0.5506142385964707,104
January,2020,90517,61.9374661160908,0.6516497369492222,103
July,2021,93733,23.423278703234054,0.6808813527305586,149
February,2020,58283,25.221932501027887,0.6635756811872333,94
April,2021,116996,72.01729121759793,0.6986253945992278,170
May,2020,82280,57.40292635400848,0.5951876198536397,50
December,2022,122717,30.888976088563123,0.5445013574562246,126
December,2021,109042,89.23244724035493,0.6152783126498139,200
September,2023,136603,47.60330336532638,0.47319934722269513,74
July,2022,141097,34.774969635796964,0.7225482823474672,131
October,2022,146546,75.50582145983171,0.4877913329137912,69
July,2023,105037,64.63808897427597,0.6769327424203853,158
April,2021,71883,49.74888035795359,0.6094378713285847,142
July,2021,104572,87.78249487058885,0.7691831061964011,75
November,2023,118061,65.7629055266392,0.7978426691283929,109
March,2022,127401,74.4233040390568,0.5173908093695132,53
November,2022,101389,90.19417015550218,0.45466172701142504,135
July,2023,106758,52.57218893507439,0.4858261173884079,120
December,2021,83425,93.27923508597289,0.7475030320513246,172
October,2022,84187,21.234795439896885,0.6450938347398367,179
August,2023,112549,65.48074218275681,0.4434125643779678,75
May,2022,91627,87.43946735457874,0.7742868789330001,78
July,2022,135115,33.86582752259998,0.6939497980399172,122
July,2021,85823,69.04746822267711,0.7047420015407744,60
September,2020,125421,27.578302219288943,0.6423879376188147,199
August,2022,112899,89.16891381058088,0.5663060386762486,89
July,2023,105668,96.67742767398832,0.7480551741999121,99
April,2020,124470,57.42028428235511,0.43659551598550267,95
November,2023,102010,44.28411342158724,0.44447524396672766,52
August,2023,82697,89.55994139735265,0.652224431170009,187
November,2021,90092,89.26304448798645,0.7350428257570236,53
April,2020,117224,82.98988688886614,0.6403491066011364,154
August,2021,121499,75.55436773020622,0.5056683753253017,144
November,2020,130217,25.751574060777493,0.58382113621096,87
April,2022,75252,75.11991015197658,0.428734888351904,142
November,2021,117062,85.83794122045836,0.7449784749571676,161
October,2020,102074,33.07457058678865,0.5075541755415984,118
